{
  "manager_name": {
    "precision": 0.0,
    "recall": 0.0,
    "f1-score": 0.0,
    "support": 5,
    "confused_with": {}
  },
  "club_name": {
    "precision": 0.95,
    "recall": 0.8636363636363636,
    "f1-score": 0.9047619047619048,
    "support": 22,
    "confused_with": {}
  },
  "round": {
    "precision": 1.0,
    "recall": 1.0,
    "f1-score": 1.0,
    "support": 10,
    "confused_with": {}
  },
  "player_name": {
    "precision": 0.95,
    "recall": 1.0,
    "f1-score": 0.9743589743589743,
    "support": 19,
    "confused_with": {}
  },
  "micro avg": {
    "precision": 0.96,
    "recall": 0.8571428571428571,
    "f1-score": 0.9056603773584904,
    "support": 56
  },
  "macro avg": {
    "precision": 0.725,
    "recall": 0.7159090909090909,
    "f1-score": 0.7197802197802198,
    "support": 56
  },
  "weighted avg": {
    "precision": 0.8741071428571429,
    "recall": 0.8571428571428571,
    "f1-score": 0.8645996860282574,
    "support": 56
  }
}